{
  "agent": "VulnerabilityScannerAI",
  "event": "FINDING_READY",
  "correlation_id": "PL-2025-08-15-154627-00866",
  "asset": "GUEDLVAO2500004",
  "vuln": {
    "name": "RHEL 8 : python-setuptools (RHSA-2025:11036)",
    "sox": true
  },
  "plan": {
    "action_type": "package_update",
    "component": "python-setuptools",
    "reboot_required": false
  },
  "verification": {
    "status": "failed",
    "advisory_url": "https://access.redhat.com/errata/RHSA-2025:11036"
  },
  "links": {
    "full_plan": "s3://shire/plans/PL-2025-08-15-154627-00866.yaml",
    "kb": "s3://shire/kb/PL-2025-08-15-154627-00866.json"
  }
}